invoice_id,user_id,line_number,service_type,usage_quantity,unit,unit_price,line_amount
212602124042,212601921538,1,Mobile Data,140.25,MB,4.1390,580.50
212602124042,212601921538,2,Mobile Data,197.03,MB,3.5226,694.06
212602124042,212601921538,3,Mobile Data,362.70,MB,2.8271,1025.40
212602124042,212601921538,4,Mobile Data,121.22,MB,4.4748,542.44
212602124042,212601921538,5,SMS,1.00,messages,0.5000,0.50
212602124042,212601921538,6,SMS,1.00,messages,0.5000,0.50
212602124042,212601921538,7,SMS,1.00,messages,0.5000,0.50
212602124042,212601921538,8,Voice Calls,2.23,minutes,1.3453,3.00
212602124042,212601921538,9,Voice Calls,7.95,minutes,1.0063,8.00
212602124042,212601921538,10,Voice Calls,7.23,minutes,1.1065,8.00
212603357719,212603155215,1,Mobile Data,213.86,MB,3.4028,727.72
212603357719,212603155215,2,SMS,1.00,messages,0.5000,0.50
212603357719,212603155215,3,SMS,1.00,messages,0.5000,0.50
212603357719,212603155215,4,SMS,1.00,messages,0.5000,0.50
212603357719,212603155215,5,SMS,1.00,messages,0.5000,0.50
212603357719,212603155215,6,SMS,1.00,messages,0.5000,0.50
212603357719,212603155215,7,Voice Calls,4.00,minutes,1.2500,5.00
212603357719,212603155215,8,Voice Calls,4.20,minutes,1.1905,5.00
212603357719,212603155215,9,Voice Calls,4.00,minutes,1.2500,5.00
212603357719,212603155215,10,Voice Calls,1.43,minutes,1.3986,2.00
212605992200,212605789696,1,Mobile Data,497.26,MB,2.6033,1294.52
212605992200,212605789696,2,Mobile Data,450.36,MB,2.6661,1200.72
212605992200,212605789696,3,Mobile Data,375.56,MB,2.7988,1051.12
212605992200,212605789696,4,SMS,1.00,messages,0.5000,0.50
212605992200,212605789696,5,SMS,1.00,messages,0.5000,0.50
212605992200,212605789696,6,SMS,1.00,messages,0.5000,0.50
212605992200,212605789696,7,SMS,1.00,messages,0.5000,0.50
212605992200,212605789696,8,Voice Calls,3.85,minutes,1.0390,4.00
212605992200,212605789696,9,Voice Calls,0.78,minutes,1.2821,1.00
212605992200,212605789696,10,Voice Calls,1.92,minutes,1.0417,2.00
212605992200,212605789696,11,Voice Calls,2.05,minutes,1.4634,3.00
212607501643,212607299139,1,Mobile Data,484.75,MB,2.6189,1269.50
212607501643,212607299139,2,Mobile Data,244.08,MB,3.2291,788.16
212607501643,212607299139,3,Mobile Data,250.67,MB,3.1968,801.34
212607501643,212607299139,4,Mobile Data,250.67,MB,3.1968,801.34
212607501643,212607299139,5,SMS,1.00,messages,0.5000,0.50
212607501643,212607299139,6,SMS,1.00,messages,0.5000,0.50
212607501643,212607299139,7,SMS,1.00,messages,0.5000,0.50
212607501643,212607299139,8,SMS,1.00,messages,0.5000,0.50
212607501643,212607299139,9,Voice Calls,9.00,minutes,1.1111,10.00
212607501643,212607299139,10,Voice Calls,9.65,minutes,1.0363,10.00
212607501643,212607299139,11,Voice Calls,3.03,minutes,1.3201,4.00
212607869637,212607667133,1,Mobile Data,460.19,MB,2.6519,1220.38
212607869637,212607667133,2,Mobile Data,3.63,MB,5.0000,18.15
212607869637,212607667133,3,Mobile Data,350.11,MB,2.8569,1000.22
212607869637,212607667133,4,SMS,1.00,messages,0.5000,0.50
212607869637,212607667133,5,SMS,1.00,messages,0.5000,0.50
212607869637,212607667133,6,Voice Calls,7.97,minutes,1.0038,8.00
212607869637,212607667133,7,Voice Calls,9.38,minutes,1.0661,10.00
212607944232,212607741728,1,Mobile Data,334.10,MB,2.8979,968.20
212607944232,212607741728,2,Mobile Data,155.78,MB,3.9258,611.56
212607944232,212607741728,3,Mobile Data,233.32,MB,3.2858,766.64
212607944232,212607741728,4,SMS,1.00,messages,0.5000,0.50
212607944232,212607741728,5,SMS,1.00,messages,0.5000,0.50
212607944232,212607741728,6,Voice Calls,8.23,minutes,1.0936,9.00
212607944232,212607741728,7,Voice Calls,4.43,minutes,1.1287,5.00
212607944232,212607741728,8,Voice Calls,2.12,minutes,1.4151,3.00
212608564201,212608361697,1,Mobile Data,497.31,MB,2.6032,1294.62
212608564201,212608361697,2,Mobile Data,127.14,MB,4.3596,554.28
212608564201,212608361697,3,Mobile Data,382.84,MB,2.7836,1065.68
212608564201,212608361697,4,SMS,1.00,messages,0.5000,0.50
212608564201,212608361697,5,SMS,1.00,messages,0.5000,0.50
212608564201,212608361697,6,SMS,1.00,messages,0.5000,0.50
212608564201,212608361697,7,SMS,1.00,messages,0.5000,0.50
212610001607,212609799103,1,Mobile Data,254.84,MB,3.1772,809.68
212610001607,212609799103,2,Mobile Data,32.78,MB,5.0000,163.90
212610001607,212609799103,3,Mobile Data,307.58,MB,2.9754,915.16
212610001607,212609799103,4,Mobile Data,172.43,MB,3.7398,644.86
212610001607,212609799103,5,SMS,1.00,messages,0.5000,0.50
212610001607,212609799103,6,Voice Calls,6.10,minutes,1.1475,7.00
212610001607,212609799103,7,Voice Calls,3.50,minutes,1.1429,4.00
212610001607,212609799103,8,Voice Calls,1.65,minutes,1.2121,2.00
212611401560,212611199056,1,Mobile Data,228.78,MB,3.3113,757.56
212611401560,212611199056,2,Mobile Data,482.04,MB,2.6224,1264.08
212611401560,212611199056,3,Mobile Data,201.04,MB,3.4922,702.08
212611401560,212611199056,4,Mobile Data,287.78,MB,3.0425,875.56
212611401560,212611199056,5,SMS,1.00,messages,0.5000,0.50
212611401560,212611199056,6,SMS,1.00,messages,0.5000,0.50
212611401560,212611199056,7,Voice Calls,6.38,minutes,1.0972,7.00
212611401560,212611199056,8,Voice Calls,8.10,minutes,1.1111,9.00
212611401560,212611199056,9,Voice Calls,5.72,minutes,1.0490,6.00
212611401560,212611199056,10,Voice Calls,5.08,minutes,1.1811,6.00
212612608886,212612406382,1,Mobile Data,460.99,MB,2.6508,1221.98
212612608886,212612406382,2,Mobile Data,310.15,MB,2.9673,920.30
212612608886,212612406382,3,SMS,1.00,messages,0.5000,0.50
212612608886,212612406382,4,SMS,1.00,messages,0.5000,0.50
212612608886,212612406382,5,Voice Calls,7.70,minutes,1.0390,8.00
212612608886,212612406382,6,Voice Calls,1.35,minutes,1.4815,2.00
212612608886,212612406382,7,Voice Calls,7.70,minutes,1.0390,8.00
212612608886,212612406382,8,Voice Calls,7.18,minutes,1.1142,8.00
212612608886,212612406382,9,Voice Calls,7.18,minutes,1.1142,8.00
212612608886,212612406382,10,Voice Calls,5.97,minutes,1.0050,6.00
212615199223,212614996719,1,Mobile Data,457.75,MB,2.6554,1215.50
212615199223,212614996719,2,Mobile Data,457.75,MB,2.6554,1215.50
212615199223,212614996719,3,Mobile Data,216.01,MB,3.3888,732.02
212615199223,212614996719,4,Mobile Data,118.54,MB,4.5308,537.08
212615199223,212614996719,5,SMS,1.00,messages,0.5000,0.50
212615199223,212614996719,6,SMS,1.00,messages,0.5000,0.50
212615199223,212614996719,7,SMS,1.00,messages,0.5000,0.50
212615199223,212614996719,8,Voice Calls,8.27,minutes,1.0883,9.00
212615199223,212614996719,9,Voice Calls,9.92,minutes,1.0081,10.00
212615199223,212614996719,10,Voice Calls,1.65,minutes,1.2121,2.00
212615199223,212614996719,11,Voice Calls,6.62,minutes,1.0574,7.00
212615199223,212614996719,12,Voice Calls,8.48,minutes,1.0613,9.00
212617089749,212616887245,1,Mobile Data,293.14,MB,3.0234,886.28
212617089749,212616887245,2,Mobile Data,201.71,MB,3.4873,703.42
212617089749,212616887245,3,Mobile Data,201.71,MB,3.4873,703.42
212617089749,212616887245,4,SMS,1.00,messages,0.5000,0.50
212617089749,212616887245,5,SMS,1.00,messages,0.5000,0.50
212617089749,212616887245,6,SMS,1.00,messages,0.5000,0.50
212617089749,212616887245,7,Voice Calls,9.75,minutes,1.0256,10.00
212617089749,212616887245,8,Voice Calls,5.13,minutes,1.1696,6.00
212617089749,212616887245,9,Voice Calls,3.67,minutes,1.0899,4.00
212617089749,212616887245,10,Voice Calls,6.52,minutes,1.0736,7.00
212617089749,212616887245,11,Voice Calls,5.13,minutes,1.1696,6.00
212617089749,212616887245,12,Voice Calls,9.73,minutes,1.0277,10.00
212617089749,212616887245,13,Voice Calls,3.18,minutes,1.2579,4.00
212617089749,212616887245,14,Voice Calls,3.55,minutes,1.1268,4.00
212617114150,212616911646,1,Mobile Data,328.50,MB,2.9132,957.00
212617114150,212616911646,2,Mobile Data,77.44,MB,5.0000,387.20
212617114150,212616911646,3,Mobile Data,162.99,MB,3.8406,625.98
212617114150,212616911646,4,SMS,1.00,messages,0.5000,0.50
212617114150,212616911646,5,Voice Calls,2.15,minutes,1.3953,3.00
212617114150,212616911646,6,Voice Calls,2.67,minutes,1.1236,3.00
212617114150,212616911646,7,Voice Calls,5.77,minutes,1.0399,6.00
212617114150,212616911646,8,Voice Calls,3.88,minutes,1.0309,4.00
212617114150,212616911646,9,Voice Calls,5.28,minutes,1.1364,6.00
212617114150,212616911646,10,Voice Calls,8.22,minutes,1.0949,9.00
212618255387,212618052883,1,Mobile Data,276.80,MB,3.0838,853.60
212618255387,212618052883,2,Mobile Data,65.30,MB,5.0000,326.50
212618255387,212618052883,3,SMS,1.00,messages,0.5000,0.50
212618255387,212618052883,4,SMS,1.00,messages,0.5000,0.50
212618255387,212618052883,5,Voice Calls,8.23,minutes,1.0936,9.00
212618255387,212618052883,6,Voice Calls,0.77,minutes,1.2987,1.00
212618255387,212618052883,7,Voice Calls,7.97,minutes,1.0038,8.00
212618488986,212618286482,1,Mobile Data,50.61,MB,5.0000,253.05
212618488986,212618286482,2,Mobile Data,466.24,MB,2.6434,1232.48
212618488986,212618286482,3,Mobile Data,170.11,MB,3.7636,640.22
212618488986,212618286482,4,Mobile Data,250.53,MB,3.1975,801.06
212618488986,212618286482,5,Mobile Data,376.23,MB,2.7974,1052.46
212618488986,212618286482,6,SMS,1.00,messages,0.5000,0.50
212618488986,212618286482,7,SMS,1.00,messages,0.5000,0.50
212618488986,212618286482,8,Voice Calls,6.05,minutes,1.1570,7.00
212619810706,212619608202,1,Mobile Data,290.61,MB,3.0323,881.22
212619810706,212619608202,2,Mobile Data,444.64,MB,2.6747,1189.28
212619810706,212619608202,3,Mobile Data,279.19,MB,3.0745,858.38
212619810706,212619608202,4,SMS,1.00,messages,0.5000,0.50
212619810706,212619608202,5,SMS,1.00,messages,0.5000,0.50
212619810706,212619608202,6,Voice Calls,5.57,minutes,1.0772,6.00
212619810706,212619608202,7,Voice Calls,5.57,minutes,1.0772,6.00
212619810706,212619608202,8,Voice Calls,6.60,minutes,1.0606,7.00
212619810706,212619608202,9,Voice Calls,8.92,minutes,1.0090,9.00
212619810706,212619608202,10,Voice Calls,8.92,minutes,1.0090,9.00
212619810706,212619608202,11,Voice Calls,7.35,minutes,1.0884,8.00
212619810706,212619608202,12,Voice Calls,1.05,minutes,1.9048,2.00
212620834961,212620632457,1,Mobile Data,208.94,MB,3.4358,717.88
212620834961,212620632457,2,Mobile Data,100.83,MB,4.9753,501.66
212620834961,212620632457,3,SMS,1.00,messages,0.5000,0.50
212620834961,212620632457,4,Voice Calls,6.30,minutes,1.1111,7.00
212620834961,212620632457,5,Voice Calls,6.30,minutes,1.1111,7.00
212620834961,212620632457,6,Voice Calls,8.27,minutes,1.0883,9.00
212620834961,212620632457,7,Voice Calls,0.80,minutes,1.2500,1.00
212620834961,212620632457,8,Voice Calls,5.10,minutes,1.1765,6.00
212621347808,212621145304,1,Mobile Data,303.29,MB,2.9892,906.58
212621347808,212621145304,2,SMS,1.00,messages,0.5000,0.50
212621347808,212621145304,3,SMS,1.00,messages,0.5000,0.50
212621347808,212621145304,4,SMS,1.00,messages,0.5000,0.50
212621347808,212621145304,5,SMS,1.00,messages,0.5000,0.50
212621347808,212621145304,6,Voice Calls,2.03,minutes,1.4778,3.00
212621347808,212621145304,7,Voice Calls,7.83,minutes,1.0217,8.00
212621347808,212621145304,8,Voice Calls,3.58,minutes,1.1173,4.00
212625150221,212624947717,1,Mobile Data,219.63,MB,3.3659,739.26
212625150221,212624947717,2,Mobile Data,249.44,MB,3.2027,798.88
212625150221,212624947717,3,Mobile Data,210.16,MB,3.4275,720.32
212625150221,212624947717,4,Mobile Data,207.57,MB,3.4453,715.14
212625150221,212624947717,5,SMS,1.00,messages,0.5000,0.50
212625150221,212624947717,6,SMS,1.00,messages,0.5000,0.50
212625150221,212624947717,7,SMS,1.00,messages,0.5000,0.50
212625150221,212624947717,8,SMS,1.00,messages,0.5000,0.50
212625150221,212624947717,9,Voice Calls,0.87,minutes,1.1494,1.00
212625150221,212624947717,10,Voice Calls,3.00,minutes,1.3333,4.00
212625443492,212625240988,1,Mobile Data,302.36,MB,2.9922,904.72
212625443492,212625240988,2,Mobile Data,27.43,MB,5.0000,137.15
212625443492,212625240988,3,SMS,1.00,messages,0.5000,0.50
212625443492,212625240988,4,SMS,1.00,messages,0.5000,0.50
212625443492,212625240988,5,SMS,1.00,messages,0.5000,0.50
212625443492,212625240988,6,SMS,1.00,messages,0.5000,0.50
212625443492,212625240988,7,SMS,1.00,messages,0.5000,0.50
212625443492,212625240988,8,SMS,1.00,messages,0.5000,0.50
212625443492,212625240988,9,Voice Calls,7.13,minutes,1.1220,8.00
212625443492,212625240988,10,Voice Calls,5.78,minutes,1.0381,6.00
212625443492,212625240988,11,Voice Calls,7.43,minutes,1.0767,8.00
212625443492,212625240988,12,Voice Calls,0.55,minutes,1.8182,1.00
212626040058,212625837554,1,Mobile Data,122.46,MB,4.4498,544.92
212626040058,212625837554,2,Mobile Data,349.15,MB,2.8592,998.30
212626040058,212625837554,3,SMS,1.00,messages,0.5000,0.50
212626040058,212625837554,4,SMS,1.00,messages,0.5000,0.50
212626040058,212625837554,5,Voice Calls,2.43,minutes,1.2346,3.00
212626040058,212625837554,6,Voice Calls,7.23,minutes,1.1065,8.00
212626277928,212626075424,1,Mobile Data,274.88,MB,3.0914,849.76
212626277928,212626075424,2,Mobile Data,24.29,MB,5.0000,121.45
212626277928,212626075424,3,Mobile Data,281.03,MB,3.0675,862.06
212626277928,212626075424,4,Mobile Data,3.39,MB,5.0000,16.95
212626277928,212626075424,5,SMS,1.00,messages,0.5000,0.50
212626277928,212626075424,6,SMS,1.00,messages,0.5000,0.50
212626277928,212626075424,7,SMS,1.00,messages,0.5000,0.50
212626277928,212626075424,8,SMS,1.00,messages,0.5000,0.50
212626277928,212626075424,9,SMS,1.00,messages,0.5000,0.50
212626277928,212626075424,10,SMS,1.00,messages,0.5000,0.50
212626277928,212626075424,11,Voice Calls,4.87,minutes,1.0267,5.00
212626277928,212626075424,12,Voice Calls,6.90,minutes,1.0145,7.00
212626277928,212626075424,13,Voice Calls,7.85,minutes,1.0191,8.00
212627794000,212627591496,1,Mobile Data,213.03,MB,3.4083,726.06
212627794000,212627591496,2,SMS,1.00,messages,0.5000,0.50
212627794000,212627591496,3,SMS,1.00,messages,0.5000,0.50
212627794000,212627591496,4,SMS,1.00,messages,0.5000,0.50
212627794000,212627591496,5,Voice Calls,4.68,minutes,1.0684,5.00
212627807569,212627605065,1,Mobile Data,442.32,MB,2.6782,1184.64
212627807569,212627605065,2,Mobile Data,12.49,MB,5.0000,62.45
212627807569,212627605065,3,SMS,1.00,messages,0.5000,0.50
212627807569,212627605065,4,SMS,1.00,messages,0.5000,0.50
212627807569,212627605065,5,SMS,1.00,messages,0.5000,0.50
212627807569,212627605065,6,Voice Calls,1.10,minutes,1.8182,2.00
212627807569,212627605065,7,Voice Calls,3.52,minutes,1.1364,4.00
212627807569,212627605065,8,Voice Calls,8.43,minutes,1.0676,9.00
212627807569,212627605065,9,Voice Calls,1.65,minutes,1.2121,2.00
212628241391,212628038887,1,Mobile Data,350.05,MB,2.8570,1000.10
212628241391,212628038887,2,SMS,1.00,messages,0.5000,0.50
212628241391,212628038887,3,SMS,1.00,messages,0.5000,0.50
212628241391,212628038887,4,SMS,1.00,messages,0.5000,0.50
212628241391,212628038887,5,SMS,1.00,messages,0.5000,0.50
212628241391,212628038887,6,SMS,1.00,messages,0.5000,0.50
212628241391,212628038887,7,SMS,1.00,messages,0.5000,0.50
212628241391,212628038887,8,SMS,1.00,messages,0.5000,0.50
212628241391,212628038887,9,Voice Calls,0.63,minutes,1.5873,1.00
212628241391,212628038887,10,Voice Calls,0.63,minutes,1.5873,1.00
212628241391,212628038887,11,Voice Calls,4.00,minutes,1.2500,5.00
212628241391,212628038887,12,Voice Calls,3.95,minutes,1.0127,4.00
212628241391,212628038887,13,Voice Calls,8.67,minutes,1.0381,9.00
212628341836,212628139332,1,Mobile Data,234.87,MB,3.2773,769.74
212628341836,212628139332,2,Mobile Data,233.30,MB,3.2859,766.60
212628341836,212628139332,3,Mobile Data,427.95,MB,2.7010,1155.90
212628341836,212628139332,4,Mobile Data,434.48,MB,2.6905,1168.96
212628341836,212628139332,5,Mobile Data,470.16,MB,2.6381,1240.32
212628341836,212628139332,6,Mobile Data,25.86,MB,5.0000,129.30
212628341836,212628139332,7,SMS,1.00,messages,0.5000,0.50
212628341836,212628139332,8,SMS,1.00,messages,0.5000,0.50
212628341836,212628139332,9,SMS,1.00,messages,0.5000,0.50
212628341836,212628139332,10,Voice Calls,6.68,minutes,1.0479,7.00
212628341836,212628139332,11,Voice Calls,7.82,minutes,1.0230,8.00
212628638949,212628436445,1,Mobile Data,445.75,MB,2.6730,1191.50
212628638949,212628436445,2,SMS,1.00,messages,0.5000,0.50
212628638949,212628436445,3,SMS,1.00,messages,0.5000,0.50
212628638949,212628436445,4,SMS,1.00,messages,0.5000,0.50
212628638949,212628436445,5,Voice Calls,5.58,minutes,1.0753,6.00
212628638949,212628436445,6,Voice Calls,0.95,minutes,1.0526,1.00
212628638949,212628436445,7,Voice Calls,8.98,minutes,1.0022,9.00
212628638949,212628436445,8,Voice Calls,7.35,minutes,1.0884,8.00
212628638949,212628436445,9,Voice Calls,5.63,minutes,1.0657,6.00
212628889484,212628686980,1,Mobile Data,117.23,MB,4.5591,534.46
212628889484,212628686980,2,Mobile Data,95.96,MB,5.0000,479.80
212628889484,212628686980,3,Mobile Data,425.52,MB,2.7050,1151.04
212628889484,212628686980,4,Mobile Data,278.53,MB,3.0771,857.06
212628889484,212628686980,5,Mobile Data,133.49,MB,4.2474,566.98
212628889484,212628686980,6,SMS,1.00,messages,0.5000,0.50
212628889484,212628686980,7,SMS,1.00,messages,0.5000,0.50
212628889484,212628686980,8,Voice Calls,3.33,minutes,1.2012,4.00
212628889484,212628686980,9,Voice Calls,4.23,minutes,1.1820,5.00
212628889484,212628686980,10,Voice Calls,9.82,minutes,1.0183,10.00
212628889484,212628686980,11,Voice Calls,3.63,minutes,1.1019,4.00
212628889484,212628686980,12,Voice Calls,1.40,minutes,1.4286,2.00
212628895365,212628692861,1,Mobile Data,54.49,MB,5.0000,272.45
212628895365,212628692861,2,SMS,1.00,messages,0.5000,0.50
212628895365,212628692861,3,Voice Calls,3.63,minutes,1.1019,4.00
212628895365,212628692861,4,Voice Calls,2.85,minutes,1.0526,3.00
212628895365,212628692861,5,Voice Calls,1.97,minutes,1.0152,2.00
212628895365,212628692861,6,Voice Calls,6.35,minutes,1.1024,7.00
212628895365,212628692861,7,Voice Calls,1.88,minutes,1.0638,2.00
212628895365,212628692861,8,Voice Calls,1.63,minutes,1.2270,2.00
212629295082,212629092578,1,Mobile Data,387.81,MB,2.7736,1075.62
212629295082,212629092578,2,Mobile Data,253.06,MB,3.1855,806.12
212629295082,212629092578,3,Mobile Data,329.18,MB,2.9114,958.36
212629295082,212629092578,4,SMS,1.00,messages,0.5000,0.50
212629295082,212629092578,5,Voice Calls,2.80,minutes,1.0714,3.00
212632508514,212632306010,1,Mobile Data,16.95,MB,5.0000,84.75
212632508514,212632306010,2,Mobile Data,274.87,MB,3.0914,849.74
212632508514,212632306010,3,Mobile Data,281.47,MB,3.0658,862.94
212632508514,212632306010,4,Mobile Data,99.32,MB,5.0000,496.60
212632508514,212632306010,5,Mobile Data,99.32,MB,5.0000,496.60
212632508514,212632306010,6,SMS,1.00,messages,0.5000,0.50
212632508514,212632306010,7,SMS,1.00,messages,0.5000,0.50
212632508514,212632306010,8,SMS,1.00,messages,0.5000,0.50
212632508514,212632306010,9,SMS,1.00,messages,0.5000,0.50
212632508514,212632306010,10,SMS,1.00,messages,0.5000,0.50
212632508514,212632306010,11,Voice Calls,1.05,minutes,1.9048,2.00
212632508514,212632306010,12,Voice Calls,1.05,minutes,1.9048,2.00
212632508514,212632306010,13,Voice Calls,1.05,minutes,1.9048,2.00
212632508514,212632306010,14,Voice Calls,5.17,minutes,1.1605,6.00
212632508514,212632306010,15,Voice Calls,7.37,minutes,1.0855,8.00
212632824624,212632622120,1,SMS,1.00,messages,0.5000,0.50
212632824624,212632622120,2,SMS,1.00,messages,0.5000,0.50
212632824624,212632622120,3,SMS,1.00,messages,0.5000,0.50
212632824624,212632622120,4,SMS,1.00,messages,0.5000,0.50
212632824624,212632622120,5,SMS,1.00,messages,0.5000,0.50
212632824624,212632622120,6,Voice Calls,9.58,minutes,1.0438,10.00
212632824624,212632622120,7,Voice Calls,1.70,minutes,1.1765,2.00
212632824624,212632622120,8,Voice Calls,6.95,minutes,1.0072,7.00
212632824624,212632622120,9,Voice Calls,4.87,minutes,1.0267,5.00
212632824624,212632622120,10,Voice Calls,6.90,minutes,1.0145,7.00
212634046616,212633844112,1,Mobile Data,254.66,MB,3.1780,809.32
212634046616,212633844112,2,Mobile Data,289.95,MB,3.0347,879.90
212634046616,212633844112,3,Mobile Data,357.73,MB,2.8386,1015.46
212634046616,212633844112,4,Mobile Data,77.18,MB,5.0000,385.90
212634046616,212633844112,5,Mobile Data,462.76,MB,2.6483,1225.52
212634046616,212633844112,6,SMS,1.00,messages,0.5000,0.50
212634046616,212633844112,7,SMS,1.00,messages,0.5000,0.50
212634046616,212633844112,8,SMS,1.00,messages,0.5000,0.50
212634046616,212633844112,9,Voice Calls,5.52,minutes,1.0870,6.00
212634046616,212633844112,10,Voice Calls,8.97,minutes,1.0033,9.00
212634046616,212633844112,11,Voice Calls,7.82,minutes,1.0230,8.00
212634046616,212633844112,12,Voice Calls,2.08,minutes,1.4423,3.00
212634153045,212633950541,1,Mobile Data,47.88,MB,5.0000,239.40
212634153045,212633950541,2,Mobile Data,58.92,MB,5.0000,294.60
212634153045,212633950541,3,Mobile Data,401.05,MB,2.7480,1102.10
212634153045,212633950541,4,Mobile Data,391.38,MB,2.7665,1082.76
212634153045,212633950541,5,Mobile Data,250.88,MB,3.1958,801.76
212634153045,212633950541,6,SMS,1.00,messages,0.5000,0.50
212634153045,212633950541,7,SMS,1.00,messages,0.5000,0.50
212634153045,212633950541,8,SMS,1.00,messages,0.5000,0.50
212634153045,212633950541,9,Voice Calls,3.78,minutes,1.0582,4.00
212634153045,212633950541,10,Voice Calls,6.07,minutes,1.1532,7.00
212635732412,212635529908,1,Mobile Data,43.61,MB,5.0000,218.05
212635732412,212635529908,2,Mobile Data,177.11,MB,3.6939,654.22
212635732412,212635529908,3,Mobile Data,39.36,MB,5.0000,196.80
212635732412,212635529908,4,Mobile Data,288.47,MB,3.0400,876.94
212635732412,212635529908,5,Mobile Data,312.90,MB,2.9588,925.80
212635732412,212635529908,6,SMS,1.00,messages,0.5000,0.50
212635732412,212635529908,7,SMS,1.00,messages,0.5000,0.50
212635732412,212635529908,8,SMS,1.00,messages,0.5000,0.50
212635732412,212635529908,9,SMS,1.00,messages,0.5000,0.50
212635732412,212635529908,10,SMS,1.00,messages,0.5000,0.50
212635732412,212635529908,11,SMS,1.00,messages,0.5000,0.50
212635732412,212635529908,12,SMS,1.00,messages,0.5000,0.50
212635732412,212635529908,13,SMS,1.00,messages,0.5000,0.50
212635732412,212635529908,14,SMS,1.00,messages,0.5000,0.50
212635732412,212635529908,15,Voice Calls,7.35,minutes,1.0884,8.00
212635732412,212635529908,16,Voice Calls,6.42,minutes,1.0903,7.00
212635732412,212635529908,17,Voice Calls,8.72,minutes,1.0321,9.00
212635732412,212635529908,18,Voice Calls,5.95,minutes,1.0084,6.00
212635732412,212635529908,19,Voice Calls,7.65,minutes,1.0458,8.00
212636779333,212636576829,1,Mobile Data,162.19,MB,3.8497,624.38
212636779333,212636576829,2,Mobile Data,442.04,MB,2.6787,1184.08
212636779333,212636576829,3,SMS,1.00,messages,0.5000,0.50
212636779333,212636576829,4,SMS,1.00,messages,0.5000,0.50
212636779333,212636576829,5,SMS,1.00,messages,0.5000,0.50
212636779333,212636576829,6,Voice Calls,6.43,minutes,1.0886,7.00
212637943695,212637741191,1,Mobile Data,221.19,MB,3.3563,742.38
212637943695,212637741191,2,Mobile Data,438.21,MB,2.6846,1176.42
212637943695,212637741191,3,SMS,1.00,messages,0.5000,0.50
212637943695,212637741191,4,SMS,1.00,messages,0.5000,0.50
212637943695,212637741191,5,SMS,1.00,messages,0.5000,0.50
212637943695,212637741191,6,SMS,1.00,messages,0.5000,0.50
212637943695,212637741191,7,SMS,1.00,messages,0.5000,0.50
212637943695,212637741191,8,Voice Calls,9.67,minutes,1.0341,10.00
212637943695,212637741191,9,Voice Calls,7.60,minutes,1.0526,8.00
212637943695,212637741191,10,Voice Calls,5.87,minutes,1.0221,6.00
212637943695,212637741191,11,Voice Calls,2.43,minutes,1.2346,3.00
212637943695,212637741191,12,Voice Calls,9.52,minutes,1.0504,10.00
212637943695,212637741191,13,Voice Calls,7.77,minutes,1.0296,8.00
212637965751,212637763247,1,SMS,1.00,messages,0.5000,0.50
212637965751,212637763247,2,Voice Calls,2.07,minutes,1.4493,3.00
212637965751,212637763247,3,Voice Calls,2.07,minutes,1.4493,3.00
212637965751,212637763247,4,Voice Calls,1.17,minutes,1.7094,2.00
212638378475,212638175971,1,Mobile Data,57.15,MB,5.0000,285.75
212638378475,212638175971,2,Mobile Data,174.83,MB,3.7160,649.66
212638378475,212638175971,3,SMS,1.00,messages,0.5000,0.50
212638378475,212638175971,4,Voice Calls,9.13,minutes,1.0953,10.00
212638378475,212638175971,5,Voice Calls,4.47,minutes,1.1186,5.00
212638378475,212638175971,6,Voice Calls,8.50,minutes,1.0588,9.00
212638378475,212638175971,7,Voice Calls,6.57,minutes,1.0654,7.00
212640592532,212640390028,1,Mobile Data,340.48,MB,2.8811,980.96
212640592532,212640390028,2,Mobile Data,223.39,MB,3.3429,746.78
212640592532,212640390028,3,Mobile Data,275.94,MB,3.0872,851.88
212640592532,212640390028,4,Mobile Data,61.77,MB,5.0000,308.85
212640592532,212640390028,5,SMS,1.00,messages,0.5000,0.50
212640592532,212640390028,6,SMS,1.00,messages,0.5000,0.50
212640592532,212640390028,7,SMS,1.00,messages,0.5000,0.50
212640592532,212640390028,8,SMS,1.00,messages,0.5000,0.50
212640592532,212640390028,9,SMS,1.00,messages,0.5000,0.50
212640592532,212640390028,10,SMS,1.00,messages,0.5000,0.50
212640592532,212640390028,11,SMS,1.00,messages,0.5000,0.50
212640592532,212640390028,12,SMS,1.00,messages,0.5000,0.50
212640592532,212640390028,13,SMS,1.00,messages,0.5000,0.50
212640592532,212640390028,14,SMS,1.00,messages,0.5000,0.50
212640592532,212640390028,15,Voice Calls,8.75,minutes,1.0286,9.00
212640592532,212640390028,16,Voice Calls,7.62,minutes,1.0499,8.00
212642604220,212642401716,1,Mobile Data,488.43,MB,2.6142,1276.86
212642604220,212642401716,2,Mobile Data,162.36,MB,3.8477,624.72
212642604220,212642401716,3,Mobile Data,370.55,MB,2.8096,1041.10
212642604220,212642401716,4,Mobile Data,25.46,MB,5.0000,127.30
212642604220,212642401716,5,SMS,1.00,messages,0.5000,0.50
212642604220,212642401716,6,SMS,1.00,messages,0.5000,0.50
212642604220,212642401716,7,SMS,1.00,messages,0.5000,0.50
212642604220,212642401716,8,SMS,1.00,messages,0.5000,0.50
212642604220,212642401716,9,Voice Calls,0.50,minutes,2.0000,1.00
212642604220,212642401716,10,Voice Calls,6.12,minutes,1.1438,7.00
212642815371,212642612867,1,Mobile Data,489.77,MB,2.6125,1279.54
212642815371,212642612867,2,SMS,1.00,messages,0.5000,0.50
212642815371,212642612867,3,Voice Calls,4.28,minutes,1.1682,5.00
212642815371,212642612867,4,Voice Calls,7.22,minutes,1.1080,8.00
212644796521,212644594017,1,Mobile Data,408.08,MB,2.7351,1116.16
212644796521,212644594017,2,Mobile Data,104.54,MB,4.8697,509.08
212644796521,212644594017,3,Mobile Data,438.73,MB,2.6838,1177.46
212644796521,212644594017,4,SMS,1.00,messages,0.5000,0.50
212644796521,212644594017,5,SMS,1.00,messages,0.5000,0.50
212644796521,212644594017,6,SMS,1.00,messages,0.5000,0.50
212644796521,212644594017,7,SMS,1.00,messages,0.5000,0.50
212644796521,212644594017,8,Voice Calls,7.03,minutes,1.1380,8.00
212645334053,212645131549,1,Mobile Data,188.77,MB,3.5892,677.54
212645334053,212645131549,2,Mobile Data,137.27,MB,4.1855,574.54
212645334053,212645131549,3,Mobile Data,227.64,MB,3.3179,755.28
212645334053,212645131549,4,SMS,1.00,messages,0.5000,0.50
212645334053,212645131549,5,SMS,1.00,messages,0.5000,0.50
212645334053,212645131549,6,SMS,1.00,messages,0.5000,0.50
212645334053,212645131549,7,SMS,1.00,messages,0.5000,0.50
212645334053,212645131549,8,Voice Calls,3.18,minutes,1.2579,4.00
212645334053,212645131549,9,Voice Calls,9.97,minutes,1.0030,10.00
212645334053,212645131549,10,Voice Calls,1.50,minutes,1.3333,2.00
212645763309,212645560805,1,Mobile Data,257.03,MB,3.1672,814.06
212645763309,212645560805,2,Mobile Data,51.50,MB,5.0000,257.50
212645763309,212645560805,3,Mobile Data,260.61,MB,3.1511,821.22
212645763309,212645560805,4,Mobile Data,306.93,MB,2.9774,913.86
212645763309,212645560805,5,SMS,1.00,messages,0.5000,0.50
212645763309,212645560805,6,SMS,1.00,messages,0.5000,0.50
212645763309,212645560805,7,SMS,1.00,messages,0.5000,0.50
212645763309,212645560805,8,SMS,1.00,messages,0.5000,0.50
212645763309,212645560805,9,SMS,1.00,messages,0.5000,0.50
212645763309,212645560805,10,Voice Calls,6.78,minutes,1.0324,7.00
212645763309,212645560805,11,Voice Calls,6.73,minutes,1.0401,7.00
212645808131,212645605627,1,Mobile Data,57.92,MB,5.0000,289.60
212645808131,212645605627,2,Mobile Data,390.28,MB,2.7687,1080.56
212645808131,212645605627,3,Mobile Data,122.63,MB,4.4464,545.26
212645808131,212645605627,4,Mobile Data,385.66,MB,2.7779,1071.32
212645808131,212645605627,5,SMS,1.00,messages,0.5000,0.50
212645808131,212645605627,6,SMS,1.00,messages,0.5000,0.50
212645808131,212645605627,7,SMS,1.00,messages,0.5000,0.50
212645808131,212645605627,8,SMS,1.00,messages,0.5000,0.50
212645808131,212645605627,9,SMS,1.00,messages,0.5000,0.50
212645808131,212645605627,10,SMS,1.00,messages,0.5000,0.50
212645808131,212645605627,11,SMS,1.00,messages,0.5000,0.50
212645808131,212645605627,12,SMS,1.00,messages,0.5000,0.50
212645808131,212645605627,13,Voice Calls,6.22,minutes,1.1254,7.00
212645808131,212645605627,14,Voice Calls,6.75,minutes,1.0370,7.00
212647438693,212647236189,1,Mobile Data,171.49,MB,3.7494,642.98
212647438693,212647236189,2,Mobile Data,30.23,MB,5.0000,151.15
212647438693,212647236189,3,Mobile Data,214.63,MB,3.3978,729.26
212647438693,212647236189,4,Mobile Data,407.19,MB,2.7368,1114.38
212647438693,212647236189,5,Mobile Data,378.51,MB,2.7926,1057.02
212647438693,212647236189,6,SMS,1.00,messages,0.5000,0.50
212647438693,212647236189,7,SMS,1.00,messages,0.5000,0.50
212647438693,212647236189,8,SMS,1.00,messages,0.5000,0.50
212647438693,212647236189,9,SMS,1.00,messages,0.5000,0.50
212647438693,212647236189,10,SMS,1.00,messages,0.5000,0.50
212647438693,212647236189,11,Voice Calls,7.18,minutes,1.1142,8.00
212647438693,212647236189,12,Voice Calls,4.90,minutes,1.0204,5.00
212648459374,212648256870,1,Mobile Data,424.83,MB,2.7062,1149.66
212648459374,212648256870,2,Mobile Data,319.54,MB,2.9388,939.08
212648459374,212648256870,3,Mobile Data,299.55,MB,3.0015,899.10
212648459374,212648256870,4,Mobile Data,183.19,MB,3.6376,666.38
212648459374,212648256870,5,SMS,1.00,messages,0.5000,0.50
212648459374,212648256870,6,SMS,1.00,messages,0.5000,0.50
212648459374,212648256870,7,SMS,1.00,messages,0.5000,0.50
212648459374,212648256870,8,SMS,1.00,messages,0.5000,0.50
212648459374,212648256870,9,SMS,1.00,messages,0.5000,0.50
212648459374,212648256870,10,SMS,1.00,messages,0.5000,0.50
212648459374,212648256870,11,SMS,1.00,messages,0.5000,0.50
212648459374,212648256870,12,SMS,1.00,messages,0.5000,0.50
212648459374,212648256870,13,Voice Calls,1.92,minutes,1.0417,2.00
212648459374,212648256870,14,Voice Calls,2.65,minutes,1.1321,3.00
212648459374,212648256870,15,Voice Calls,9.73,minutes,1.0277,10.00
212648459374,212648256870,16,Voice Calls,5.72,minutes,1.0490,6.00
212648459374,212648256870,17,Voice Calls,4.95,minutes,1.0101,5.00
212648459374,212648256870,18,Voice Calls,2.90,minutes,1.0345,3.00
212651652760,212651450256,1,Mobile Data,370.07,MB,2.8107,1040.14
212651652760,212651450256,2,Mobile Data,462.91,MB,2.6481,1225.82
212651652760,212651450256,3,Mobile Data,489.88,MB,2.6124,1279.76
212651652760,212651450256,4,Mobile Data,429.75,MB,2.6981,1159.50
212651652760,212651450256,5,SMS,1.00,messages,0.5000,0.50
212651652760,212651450256,6,SMS,1.00,messages,0.5000,0.50
212651652760,212651450256,7,SMS,1.00,messages,0.5000,0.50
212651652760,212651450256,8,SMS,1.00,messages,0.5000,0.50
212651652760,212651450256,9,Voice Calls,9.25,minutes,1.0811,10.00
212651652760,212651450256,10,Voice Calls,0.57,minutes,1.7544,1.00
212651652760,212651450256,11,Voice Calls,4.75,minutes,1.0526,5.00
212651652760,212651450256,12,Voice Calls,7.38,minutes,1.0840,8.00
212651652760,212651450256,13,Voice Calls,2.65,minutes,1.1321,3.00
212651652760,212651450256,14,Voice Calls,2.08,minutes,1.4423,3.00
212652974996,212652772492,1,SMS,1.00,messages,0.5000,0.50
212652974996,212652772492,2,Voice Calls,4.90,minutes,1.0204,5.00
212652974996,212652772492,3,Voice Calls,0.82,minutes,1.2195,1.00
212652974996,212652772492,4,Voice Calls,0.82,minutes,1.2195,1.00
212652974996,212652772492,5,Voice Calls,2.13,minutes,1.4085,3.00
212652974996,212652772492,6,Voice Calls,4.55,minutes,1.0989,5.00
212654997818,212654795314,1,Mobile Data,476.49,MB,2.6296,1252.98
212654997818,212654795314,2,Mobile Data,464.37,MB,2.6460,1228.74
212654997818,212654795314,3,Mobile Data,464.37,MB,2.6460,1228.74
212654997818,212654795314,4,Mobile Data,116.27,MB,4.5802,532.54
212654997818,212654795314,5,SMS,1.00,messages,0.5000,0.50
212654997818,212654795314,6,SMS,1.00,messages,0.5000,0.50
212654997818,212654795314,7,SMS,1.00,messages,0.5000,0.50
212654997818,212654795314,8,SMS,1.00,messages,0.5000,0.50
212654997818,212654795314,9,SMS,1.00,messages,0.5000,0.50
212654997818,212654795314,10,Voice Calls,4.72,minutes,1.0593,5.00
212654997818,212654795314,11,Voice Calls,4.87,minutes,1.0267,5.00
212655138291,212654935787,1,Mobile Data,47.80,MB,5.0000,239.00
212655138291,212654935787,2,Mobile Data,440.47,MB,2.6811,1180.94
212655138291,212654935787,3,Mobile Data,436.44,MB,2.6874,1172.88
212655138291,212654935787,4,Mobile Data,154.36,MB,3.9435,608.72
212655138291,212654935787,5,Mobile Data,208.99,MB,3.4355,717.98
212655138291,212654935787,6,SMS,1.00,messages,0.5000,0.50
212655138291,212654935787,7,SMS,1.00,messages,0.5000,0.50
212655138291,212654935787,8,SMS,1.00,messages,0.5000,0.50
212655138291,212654935787,9,SMS,1.00,messages,0.5000,0.50
212655138291,212654935787,10,SMS,1.00,messages,0.5000,0.50
212655138291,212654935787,11,SMS,1.00,messages,0.5000,0.50
212655138291,212654935787,12,Voice Calls,7.97,minutes,1.0038,8.00
212655138291,212654935787,13,Voice Calls,7.90,minutes,1.0127,8.00
212655138291,212654935787,14,Voice Calls,0.40,minutes,2.5000,1.00
212655138291,212654935787,15,Voice Calls,7.95,minutes,1.0063,8.00
212655244822,212655042318,1,Mobile Data,230.54,MB,3.3013,761.08
212655244822,212655042318,2,Mobile Data,236.58,MB,3.2681,773.16
212655244822,212655042318,3,Mobile Data,369.87,MB,2.8111,1039.74
212655244822,212655042318,4,SMS,1.00,messages,0.5000,0.50
212655244822,212655042318,5,SMS,1.00,messages,0.5000,0.50
212655244822,212655042318,6,SMS,1.00,messages,0.5000,0.50
212655244822,212655042318,7,SMS,1.00,messages,0.5000,0.50
212655244822,212655042318,8,SMS,1.00,messages,0.5000,0.50
212655244822,212655042318,9,SMS,1.00,messages,0.5000,0.50
212655244822,212655042318,10,SMS,1.00,messages,0.5000,0.50
212655244822,212655042318,11,SMS,1.00,messages,0.5000,0.50
212655244822,212655042318,12,SMS,1.00,messages,0.5000,0.50
212655244822,212655042318,13,Voice Calls,4.43,minutes,1.1287,5.00
212655244822,212655042318,14,Voice Calls,6.93,minutes,1.0101,7.00
212655244822,212655042318,15,Voice Calls,6.93,minutes,1.0101,7.00
212655244822,212655042318,16,Voice Calls,1.00,minutes,2.0000,2.00
212656640510,212656438006,1,Mobile Data,333.55,MB,2.8994,967.10
212656640510,212656438006,2,Mobile Data,324.68,MB,2.9240,949.36
212656640510,212656438006,3,Mobile Data,123.40,MB,4.4311,546.80
212656640510,212656438006,4,Mobile Data,40.49,MB,5.0000,202.45
212656640510,212656438006,5,SMS,1.00,messages,0.5000,0.50
212656640510,212656438006,6,SMS,1.00,messages,0.5000,0.50
212656640510,212656438006,7,SMS,1.00,messages,0.5000,0.50
212656640510,212656438006,8,Voice Calls,2.15,minutes,1.3953,3.00
212656640510,212656438006,9,Voice Calls,1.98,minutes,1.0101,2.00
212656640510,212656438006,10,Voice Calls,7.08,minutes,1.1299,8.00
212656640510,212656438006,11,Voice Calls,3.85,minutes,1.0390,4.00
212659476399,212659273895,1,Mobile Data,272.39,MB,3.1014,844.78
212659476399,212659273895,2,Mobile Data,271.45,MB,3.1052,842.90
212659476399,212659273895,3,SMS,1.00,messages,0.5000,0.50
212659476399,212659273895,4,SMS,1.00,messages,0.5000,0.50
212659476399,212659273895,5,SMS,1.00,messages,0.5000,0.50
212659476399,212659273895,6,SMS,1.00,messages,0.5000,0.50
212659476399,212659273895,7,SMS,1.00,messages,0.5000,0.50
212659476399,212659273895,8,SMS,1.00,messages,0.5000,0.50
212659476399,212659273895,9,SMS,1.00,messages,0.5000,0.50
212659476399,212659273895,10,SMS,1.00,messages,0.5000,0.50
212659476399,212659273895,11,Voice Calls,7.93,minutes,1.0088,8.00
212659476399,212659273895,12,Voice Calls,4.33,minutes,1.1547,5.00
212659476399,212659273895,13,Voice Calls,9.68,minutes,1.0331,10.00
212660869468,212660666964,1,Mobile Data,214.27,MB,3.4001,728.54
212660869468,212660666964,2,Mobile Data,85.70,MB,5.0000,428.50
212660869468,212660666964,3,Mobile Data,184.52,MB,3.6258,669.04
212660869468,212660666964,4,Mobile Data,465.78,MB,2.6441,1231.56
212660869468,212660666964,5,SMS,1.00,messages,0.5000,0.50
212660869468,212660666964,6,SMS,1.00,messages,0.5000,0.50
212660869468,212660666964,7,Voice Calls,3.45,minutes,1.1594,4.00
212660869468,212660666964,8,Voice Calls,7.28,minutes,1.0989,8.00
212660869468,212660666964,9,Voice Calls,1.88,minutes,1.0638,2.00
212661321598,212661119094,1,Mobile Data,51.15,MB,5.0000,255.75
212661321598,212661119094,2,SMS,1.00,messages,0.5000,0.50
212661321598,212661119094,3,SMS,1.00,messages,0.5000,0.50
212661321598,212661119094,4,SMS,1.00,messages,0.5000,0.50
212661321598,212661119094,5,SMS,1.00,messages,0.5000,0.50
212661321598,212661119094,6,SMS,1.00,messages,0.5000,0.50
212661321598,212661119094,7,SMS,1.00,messages,0.5000,0.50
212661321598,212661119094,8,Voice Calls,8.33,minutes,1.0804,9.00
212661944998,212661742494,1,Mobile Data,346.28,MB,2.8664,992.56
212661944998,212661742494,2,Mobile Data,100.85,MB,4.9747,501.70
212661944998,212661742494,3,Mobile Data,285.42,MB,3.0511,870.84
212661944998,212661742494,4,Mobile Data,453.37,MB,2.6617,1206.74
212661944998,212661742494,5,Mobile Data,434.62,MB,2.6903,1169.24
212661944998,212661742494,6,SMS,1.00,messages,0.5000,0.50
212661944998,212661742494,7,SMS,1.00,messages,0.5000,0.50
212661944998,212661742494,8,SMS,1.00,messages,0.5000,0.50
212661944998,212661742494,9,Voice Calls,9.87,minutes,1.0132,10.00
212661944998,212661742494,10,Voice Calls,4.00,minutes,1.2500,5.00
212661944998,212661742494,11,Voice Calls,4.82,minutes,1.0373,5.00
212661944998,212661742494,12,Voice Calls,4.82,minutes,1.0373,5.00
212661944998,212661742494,13,Voice Calls,7.38,minutes,1.0840,8.00
212661944998,212661742494,14,Voice Calls,5.78,minutes,1.0381,6.00
212661944998,212661742494,15,Voice Calls,8.55,minutes,1.0526,9.00
212661944998,212661742494,16,Voice Calls,1.35,minutes,1.4815,2.00
212661944998,212661742494,17,Voice Calls,9.95,minutes,1.0050,10.00
212663140173,212662937669,1,Mobile Data,230.30,MB,3.3026,760.60
212663140173,212662937669,2,Mobile Data,242.18,MB,3.2387,784.36
212663140173,212662937669,3,Mobile Data,116.73,MB,4.5700,533.46
212663140173,212662937669,4,SMS,1.00,messages,0.5000,0.50
212663140173,212662937669,5,SMS,1.00,messages,0.5000,0.50
212663140173,212662937669,6,SMS,1.00,messages,0.5000,0.50
212663140173,212662937669,7,SMS,1.00,messages,0.5000,0.50
212663140173,212662937669,8,SMS,1.00,messages,0.5000,0.50
212663140173,212662937669,9,SMS,1.00,messages,0.5000,0.50
212663140173,212662937669,10,Voice Calls,2.35,minutes,1.2766,3.00
212663140173,212662937669,11,Voice Calls,1.93,minutes,1.0363,2.00
212663140173,212662937669,12,Voice Calls,5.80,minutes,1.0345,6.00
212663399408,212663196904,1,Mobile Data,294.69,MB,3.0180,889.38
212663399408,212663196904,2,Mobile Data,186.59,MB,3.6078,673.18
212663399408,212663196904,3,SMS,1.00,messages,0.5000,0.50
212663399408,212663196904,4,SMS,1.00,messages,0.5000,0.50
212663399408,212663196904,5,Voice Calls,1.88,minutes,1.0638,2.00
212663399408,212663196904,6,Voice Calls,6.03,minutes,1.1609,7.00
212663399408,212663196904,7,Voice Calls,0.45,minutes,2.2222,1.00
212663399408,212663196904,8,Voice Calls,8.80,minutes,1.0227,9.00
212663399408,212663196904,9,Voice Calls,1.88,minutes,1.0638,2.00
212663399408,212663196904,10,Voice Calls,1.67,minutes,1.1976,2.00
212663512869,212663310365,1,Mobile Data,368.93,MB,2.8132,1037.86
212663512869,212663310365,2,Mobile Data,213.05,MB,3.4081,726.10
212663512869,212663310365,3,Mobile Data,240.74,MB,3.2462,781.48
212663512869,212663310365,4,Mobile Data,448.38,MB,2.6691,1196.76
212663512869,212663310365,5,SMS,1.00,messages,0.5000,0.50
212663512869,212663310365,6,SMS,1.00,messages,0.5000,0.50
212663512869,212663310365,7,SMS,1.00,messages,0.5000,0.50
212663512869,212663310365,8,Voice Calls,2.12,minutes,1.4151,3.00
212663512869,212663310365,9,Voice Calls,2.12,minutes,1.4151,3.00
212663512869,212663310365,10,Voice Calls,7.93,minutes,1.0088,8.00
212663512869,212663310365,11,Voice Calls,0.98,minutes,1.0204,1.00
212663512869,212663310365,12,Voice Calls,0.53,minutes,1.8868,1.00
212665363816,212665161312,1,Mobile Data,314.33,MB,2.9544,928.66
212665363816,212665161312,2,Mobile Data,253.49,MB,3.1835,806.98
212665363816,212665161312,3,Mobile Data,277.72,MB,3.0802,855.44
212665363816,212665161312,4,Mobile Data,171.06,MB,3.7538,642.12
212665363816,212665161312,5,Mobile Data,104.48,MB,4.8714,508.96
212665363816,212665161312,6,Mobile Data,266.81,MB,3.1244,833.62
212665363816,212665161312,7,SMS,1.00,messages,0.5000,0.50
212665363816,212665161312,8,SMS,1.00,messages,0.5000,0.50
212665363816,212665161312,9,SMS,1.00,messages,0.5000,0.50
212665363816,212665161312,10,Voice Calls,8.77,minutes,1.0262,9.00
212665363816,212665161312,11,Voice Calls,9.72,minutes,1.0288,10.00
212665363816,212665161312,12,Voice Calls,5.50,minutes,1.0909,6.00
212665363816,212665161312,13,Voice Calls,8.45,minutes,1.0651,9.00
212665363816,212665161312,14,Voice Calls,3.68,minutes,1.0870,4.00
212665363816,212665161312,15,Voice Calls,7.05,minutes,1.1348,8.00
212665363816,212665161312,16,Voice Calls,2.52,minutes,1.1905,3.00
212665363816,212665161312,17,Voice Calls,7.57,minutes,1.0568,8.00
212666672808,212666470304,1,Mobile Data,126.06,MB,4.3798,552.12
212666672808,212666470304,2,Mobile Data,265.47,MB,3.1301,830.94
212666672808,212666470304,3,Mobile Data,189.76,MB,3.5809,679.52
212666672808,212666470304,4,SMS,1.00,messages,0.5000,0.50
212666672808,212666470304,5,SMS,1.00,messages,0.5000,0.50
212666672808,212666470304,6,Voice Calls,4.98,minutes,1.0040,5.00
212666672808,212666470304,7,Voice Calls,4.55,minutes,1.0989,5.00
212666672808,212666470304,8,Voice Calls,8.82,minutes,1.0204,9.00
212666672808,212666470304,9,Voice Calls,4.55,minutes,1.0989,5.00
212666895065,212666692561,1,Mobile Data,478.19,MB,2.6274,1256.38
212666895065,212666692561,2,Mobile Data,225.23,MB,3.3320,750.46
212666895065,212666692561,3,Mobile Data,274.99,MB,3.0909,849.98
212666895065,212666692561,4,Mobile Data,143.38,MB,4.0923,586.76
212666895065,212666692561,5,Mobile Data,396.07,MB,2.7574,1092.14
212666895065,212666692561,6,Mobile Data,167.27,MB,3.7935,634.54
212666895065,212666692561,7,Mobile Data,279.76,MB,3.0723,859.52
212666895065,212666692561,8,SMS,1.00,messages,0.5000,0.50
212666895065,212666692561,9,SMS,1.00,messages,0.5000,0.50
212666895065,212666692561,10,Voice Calls,2.08,minutes,1.4423,3.00
212666895065,212666692561,11,Voice Calls,3.28,minutes,1.2195,4.00
212666895065,212666692561,12,Voice Calls,9.55,minutes,1.0471,10.00
212666895065,212666692561,13,Voice Calls,2.05,minutes,1.4634,3.00
212666895065,212666692561,14,Voice Calls,5.03,minutes,1.1928,6.00
212667796478,212667593974,1,Mobile Data,173.63,MB,3.7278,647.26
212667796478,212667593974,2,Mobile Data,188.38,MB,3.5925,676.76
212667796478,212667593974,3,Mobile Data,463.95,MB,2.6466,1227.90
212667796478,212667593974,4,Mobile Data,172.06,MB,3.7436,644.12
212667796478,212667593974,5,SMS,1.00,messages,0.5000,0.50
212667796478,212667593974,6,SMS,1.00,messages,0.5000,0.50
212667796478,212667593974,7,SMS,1.00,messages,0.5000,0.50
212667796478,212667593974,8,SMS,1.00,messages,0.5000,0.50
212667796478,212667593974,9,SMS,1.00,messages,0.5000,0.50
212667796478,212667593974,10,Voice Calls,3.07,minutes,1.3029,4.00
212667796478,212667593974,11,Voice Calls,4.67,minutes,1.0707,5.00
212667796478,212667593974,12,Voice Calls,1.13,minutes,1.7699,2.00
212667796478,212667593974,13,Voice Calls,9.18,minutes,1.0893,10.00
212667899578,212667697074,1,Mobile Data,384.66,MB,2.7799,1069.32
212667899578,212667697074,2,Mobile Data,328.43,MB,2.9134,956.86
212667899578,212667697074,3,Mobile Data,165.76,MB,3.8098,631.52
212667899578,212667697074,4,Mobile Data,188.17,MB,3.5943,676.34
212667899578,212667697074,5,Mobile Data,443.36,MB,2.6767,1186.72
212667899578,212667697074,6,SMS,1.00,messages,0.5000,0.50
212667899578,212667697074,7,SMS,1.00,messages,0.5000,0.50
212667899578,212667697074,8,Voice Calls,3.22,minutes,1.2422,4.00
212667899578,212667697074,9,Voice Calls,7.03,minutes,1.1380,8.00
212667899578,212667697074,10,Voice Calls,6.68,minutes,1.0479,7.00
212667899578,212667697074,11,Voice Calls,7.82,minutes,1.0230,8.00
212667899578,212667697074,12,Voice Calls,5.43,minutes,1.1050,6.00
212667899578,212667697074,13,Voice Calls,8.52,minutes,1.0563,9.00
212667899578,212667697074,14,Voice Calls,9.15,minutes,1.0929,10.00
212668114421,212667911917,1,Mobile Data,2.11,MB,5.0000,10.55
212668114421,212667911917,2,Mobile Data,157.72,MB,3.9021,615.44
212668114421,212667911917,3,SMS,1.00,messages,0.5000,0.50
212668114421,212667911917,4,SMS,1.00,messages,0.5000,0.50
212668114421,212667911917,5,SMS,1.00,messages,0.5000,0.50
212668114421,212667911917,6,SMS,1.00,messages,0.5000,0.50
212668114421,212667911917,7,SMS,1.00,messages,0.5000,0.50
212668114421,212667911917,8,Voice Calls,3.60,minutes,1.1111,4.00
212668114421,212667911917,9,Voice Calls,2.30,minutes,1.3043,3.00
212668114421,212667911917,10,Voice Calls,9.23,minutes,1.0834,10.00
212668114421,212667911917,11,Voice Calls,6.32,minutes,1.1076,7.00
212668415073,212668212569,1,Mobile Data,276.38,MB,3.0855,852.76
212668415073,212668212569,2,Mobile Data,120.00,MB,4.5000,540.00
212668415073,212668212569,3,SMS,1.00,messages,0.5000,0.50
212668415073,212668212569,4,SMS,1.00,messages,0.5000,0.50
212668415073,212668212569,5,SMS,1.00,messages,0.5000,0.50
212668415073,212668212569,6,Voice Calls,2.85,minutes,1.0526,3.00
212668415073,212668212569,7,Voice Calls,4.85,minutes,1.0309,5.00
212668415073,212668212569,8,Voice Calls,8.32,minutes,1.0817,9.00
212668415073,212668212569,9,Voice Calls,2.85,minutes,1.0526,3.00
212668916332,212668713828,1,Mobile Data,153.78,MB,3.9508,607.56
212668916332,212668713828,2,Mobile Data,97.34,MB,5.0000,486.70
212668916332,212668713828,3,Mobile Data,110.28,MB,4.7203,520.56
212668916332,212668713828,4,SMS,1.00,messages,0.5000,0.50
212668916332,212668713828,5,SMS,1.00,messages,0.5000,0.50
212668916332,212668713828,6,Voice Calls,2.53,minutes,1.1858,3.00
212668916332,212668713828,7,Voice Calls,8.77,minutes,1.0262,9.00
212668916332,212668713828,8,Voice Calls,0.67,minutes,1.4925,1.00
212668916332,212668713828,9,Voice Calls,2.08,minutes,1.4423,3.00
212670063395,212669860891,1,Mobile Data,414.99,MB,2.7229,1129.98
212670063395,212669860891,2,Mobile Data,19.14,MB,5.0000,95.70
212670063395,212669860891,3,Mobile Data,32.66,MB,5.0000,163.30
212670063395,212669860891,4,SMS,1.00,messages,0.5000,0.50
212670063395,212669860891,5,SMS,1.00,messages,0.5000,0.50
212670063395,212669860891,6,Voice Calls,0.80,minutes,1.2500,1.00
212670063395,212669860891,7,Voice Calls,4.73,minutes,1.0571,5.00
212670690937,212670488433,1,Mobile Data,290.95,MB,3.0311,881.90
212670690937,212670488433,2,Mobile Data,9.00,MB,5.0000,45.00
212670690937,212670488433,3,SMS,1.00,messages,0.5000,0.50
212670690937,212670488433,4,SMS,1.00,messages,0.5000,0.50
212670690937,212670488433,5,SMS,1.00,messages,0.5000,0.50
212670690937,212670488433,6,SMS,1.00,messages,0.5000,0.50
212670690937,212670488433,7,SMS,1.00,messages,0.5000,0.50
212670690937,212670488433,8,SMS,1.00,messages,0.5000,0.50
212670690937,212670488433,9,Voice Calls,3.00,minutes,1.3333,4.00
212670690937,212670488433,10,Voice Calls,9.00,minutes,1.1111,10.00
212670752167,212670549663,1,Mobile Data,493.09,MB,2.6084,1286.18
212670752167,212670549663,2,Mobile Data,112.76,MB,4.6605,525.52
212670752167,212670549663,3,SMS,1.00,messages,0.5000,0.50
212670752167,212670549663,4,SMS,1.00,messages,0.5000,0.50
212670752167,212670549663,5,SMS,1.00,messages,0.5000,0.50
212670752167,212670549663,6,Voice Calls,6.88,minutes,1.0174,7.00
212670752167,212670549663,7,Voice Calls,6.88,minutes,1.0174,7.00
212672735430,212672532926,1,Mobile Data,419.34,MB,2.7154,1138.68
212672735430,212672532926,2,Mobile Data,200.90,MB,3.4933,701.80
212672735430,212672532926,3,SMS,1.00,messages,0.5000,0.50
212672735430,212672532926,4,SMS,1.00,messages,0.5000,0.50
212672735430,212672532926,5,SMS,1.00,messages,0.5000,0.50
212672735430,212672532926,6,SMS,1.00,messages,0.5000,0.50
212672735430,212672532926,7,Voice Calls,2.82,minutes,1.0638,3.00
212672735430,212672532926,8,Voice Calls,1.25,minutes,1.6000,2.00
212672735430,212672532926,9,Voice Calls,9.80,minutes,1.0204,10.00
212672735430,212672532926,10,Voice Calls,9.33,minutes,1.0718,10.00
212672735430,212672532926,11,Voice Calls,5.57,minutes,1.0772,6.00
212672735430,212672532926,12,Voice Calls,8.05,minutes,1.1180,9.00
212672735430,212672532926,13,Voice Calls,3.22,minutes,1.2422,4.00
212672735430,212672532926,14,Voice Calls,3.75,minutes,1.0667,4.00
212672735430,212672532926,15,Voice Calls,3.20,minutes,1.2500,4.00
212674541787,212674339283,1,Mobile Data,77.22,MB,5.0000,386.10
212674541787,212674339283,2,Mobile Data,424.15,MB,2.7073,1148.30
212674541787,212674339283,3,Mobile Data,22.14,MB,5.0000,110.70
212674541787,212674339283,4,Mobile Data,116.09,MB,4.5842,532.18
212674541787,212674339283,5,Mobile Data,5.12,MB,5.0000,25.60
212674541787,212674339283,6,Mobile Data,159.92,MB,3.8759,619.84
212674541787,212674339283,7,Mobile Data,298.40,MB,3.0054,896.80
212674541787,212674339283,8,SMS,1.00,messages,0.5000,0.50
212674541787,212674339283,9,SMS,1.00,messages,0.5000,0.50
212674541787,212674339283,10,SMS,1.00,messages,0.5000,0.50
212674541787,212674339283,11,SMS,1.00,messages,0.5000,0.50
212674541787,212674339283,12,SMS,1.00,messages,0.5000,0.50
212674541787,212674339283,13,SMS,1.00,messages,0.5000,0.50
212674541787,212674339283,14,Voice Calls,6.60,minutes,1.0606,7.00
212674541787,212674339283,15,Voice Calls,2.72,minutes,1.1029,3.00
212674541787,212674339283,16,Voice Calls,8.07,minutes,1.1152,9.00
212674541787,212674339283,17,Voice Calls,7.60,minutes,1.0526,8.00
212674871664,212674669160,1,Mobile Data,360.86,MB,2.8313,1021.72
212674871664,212674669160,2,Mobile Data,20.15,MB,5.0000,100.75
212674871664,212674669160,3,Mobile Data,215.47,MB,3.3923,730.94
212674871664,212674669160,4,SMS,1.00,messages,0.5000,0.50
212674871664,212674669160,5,Voice Calls,2.48,minutes,1.2097,3.00
212674871664,212674669160,6,Voice Calls,4.28,minutes,1.1682,5.00
212674871664,212674669160,7,Voice Calls,0.63,minutes,1.5873,1.00
212676176952,212675974448,1,Mobile Data,82.84,MB,5.0000,414.20
212676176952,212675974448,2,Mobile Data,384.01,MB,2.7812,1068.02
212676176952,212675974448,3,SMS,1.00,messages,0.5000,0.50
212676176952,212675974448,4,SMS,1.00,messages,0.5000,0.50
212676176952,212675974448,5,Voice Calls,6.17,minutes,1.1345,7.00
212676176952,212675974448,6,Voice Calls,9.28,minutes,1.0776,10.00
212676176952,212675974448,7,Voice Calls,9.68,minutes,1.0331,10.00
212676242942,212676040438,1,SMS,1.00,messages,0.5000,0.50
212676242942,212676040438,2,SMS,1.00,messages,0.5000,0.50
212676242942,212676040438,3,SMS,1.00,messages,0.5000,0.50
212676242942,212676040438,4,SMS,1.00,messages,0.5000,0.50
212676242942,212676040438,5,Voice Calls,6.23,minutes,1.1236,7.00
212676242942,212676040438,6,Voice Calls,7.90,minutes,1.0127,8.00
212676242942,212676040438,7,Voice Calls,6.38,minutes,1.0972,7.00
212676242942,212676040438,8,Voice Calls,1.77,minutes,1.1299,2.00
212676242942,212676040438,9,Voice Calls,2.48,minutes,1.2097,3.00
212678003638,212677801134,1,Mobile Data,45.41,MB,5.0000,227.05
212678003638,212677801134,2,Mobile Data,45.41,MB,5.0000,227.05
212678003638,212677801134,3,Mobile Data,491.17,MB,2.6108,1282.34
212678003638,212677801134,4,SMS,1.00,messages,0.5000,0.50
212678003638,212677801134,5,SMS,1.00,messages,0.5000,0.50
212678003638,212677801134,6,Voice Calls,7.30,minutes,1.0959,8.00
212678003638,212677801134,7,Voice Calls,3.22,minutes,1.2422,4.00
212678003638,212677801134,8,Voice Calls,5.47,minutes,1.0969,6.00
212678003638,212677801134,9,Voice Calls,4.53,minutes,1.1038,5.00
212679583229,212679380725,1,Mobile Data,316.95,MB,2.9465,933.90
212679583229,212679380725,2,Mobile Data,87.68,MB,5.0000,438.40
212679583229,212679380725,3,Mobile Data,244.74,MB,3.2258,789.48
212679583229,212679380725,4,Mobile Data,276.03,MB,3.0868,852.06
212679583229,212679380725,5,Mobile Data,172.36,MB,3.7405,644.72
212679583229,212679380725,6,SMS,1.00,messages,0.5000,0.50
212679583229,212679380725,7,SMS,1.00,messages,0.5000,0.50
212679583229,212679380725,8,SMS,1.00,messages,0.5000,0.50
212679583229,212679380725,9,SMS,1.00,messages,0.5000,0.50
212679583229,212679380725,10,Voice Calls,8.50,minutes,1.0588,9.00
212679583229,212679380725,11,Voice Calls,4.78,minutes,1.0460,5.00
212679630427,212679427923,1,Mobile Data,472.50,MB,2.6349,1245.00
212679630427,212679427923,2,Mobile Data,68.96,MB,5.0000,344.80
212679630427,212679427923,3,SMS,1.00,messages,0.5000,0.50
212679630427,212679427923,4,SMS,1.00,messages,0.5000,0.50
212679630427,212679427923,5,SMS,1.00,messages,0.5000,0.50
212679630427,212679427923,6,Voice Calls,1.42,minutes,1.4085,2.00
212682233946,212682031442,1,Mobile Data,239.26,MB,3.2539,778.52
212682233946,212682031442,2,Mobile Data,65.08,MB,5.0000,325.40
212682233946,212682031442,3,Mobile Data,62.37,MB,5.0000,311.85
212682233946,212682031442,4,SMS,1.00,messages,0.5000,0.50
212682233946,212682031442,5,SMS,1.00,messages,0.5000,0.50
212682233946,212682031442,6,Voice Calls,2.62,minutes,1.1450,3.00
212682233946,212682031442,7,Voice Calls,7.87,minutes,1.0165,8.00
212682233946,212682031442,8,Voice Calls,4.23,minutes,1.1820,5.00
212682233946,212682031442,9,Voice Calls,2.05,minutes,1.4634,3.00
212683608410,212683405906,1,Mobile Data,236.89,MB,3.2664,773.78
212683608410,212683405906,2,Mobile Data,319.38,MB,2.9393,938.76
212683608410,212683405906,3,Mobile Data,108.12,MB,4.7747,516.24
212683608410,212683405906,4,SMS,1.00,messages,0.5000,0.50
212683608410,212683405906,5,SMS,1.00,messages,0.5000,0.50
212683608410,212683405906,6,Voice Calls,4.25,minutes,1.1765,5.00
212683608410,212683405906,7,Voice Calls,3.85,minutes,1.0390,4.00
212683608410,212683405906,8,Voice Calls,4.38,minutes,1.1416,5.00
212684315790,212684113286,1,Mobile Data,377.18,MB,2.7954,1054.36
212684315790,212684113286,2,Mobile Data,212.85,MB,3.4094,725.70
212684315790,212684113286,3,SMS,1.00,messages,0.5000,0.50
212684315790,212684113286,4,SMS,1.00,messages,0.5000,0.50
212684994655,212684792151,1,Mobile Data,479.71,MB,2.6254,1259.42
212684994655,212684792151,2,Mobile Data,257.28,MB,3.1660,814.56
212684994655,212684792151,3,Mobile Data,364.31,MB,2.8235,1028.62
212684994655,212684792151,4,Mobile Data,97.19,MB,5.0000,485.95
212684994655,212684792151,5,Mobile Data,97.19,MB,5.0000,485.95
212684994655,212684792151,6,SMS,1.00,messages,0.5000,0.50
212684994655,212684792151,7,SMS,1.00,messages,0.5000,0.50
212684994655,212684792151,8,Voice Calls,7.77,minutes,1.0296,8.00
212684994655,212684792151,9,Voice Calls,6.43,minutes,1.0886,7.00
212684994655,212684792151,10,Voice Calls,7.02,minutes,1.1396,8.00
212684994655,212684792151,11,Voice Calls,9.25,minutes,1.0811,10.00
212686721725,212686519221,1,SMS,1.00,messages,0.5000,0.50
212686721725,212686519221,2,SMS,1.00,messages,0.5000,0.50
212686721725,212686519221,3,SMS,1.00,messages,0.5000,0.50
212686721725,212686519221,4,SMS,1.00,messages,0.5000,0.50
212686721725,212686519221,5,SMS,1.00,messages,0.5000,0.50
212688387987,212688185483,1,Mobile Data,302.03,MB,2.9933,904.06
212688387987,212688185483,2,Mobile Data,317.10,MB,2.9461,934.20
212688387987,212688185483,3,Mobile Data,426.55,MB,2.7033,1153.10
212688387987,212688185483,4,Mobile Data,91.12,MB,5.0000,455.60
212688387987,212688185483,5,Mobile Data,155.58,MB,3.9283,611.16
212688387987,212688185483,6,SMS,1.00,messages,0.5000,0.50
212688387987,212688185483,7,SMS,1.00,messages,0.5000,0.50
212688387987,212688185483,8,SMS,1.00,messages,0.5000,0.50
212688387987,212688185483,9,Voice Calls,4.65,minutes,1.0753,5.00
212689582133,212689379629,1,Mobile Data,310.84,MB,2.9651,921.68
212689582133,212689379629,2,Mobile Data,364.14,MB,2.8239,1028.28
212689582133,212689379629,3,Mobile Data,166.79,MB,3.7987,633.58
212689582133,212689379629,4,Mobile Data,454.59,MB,2.6599,1209.18
212689582133,212689379629,5,Mobile Data,364.14,MB,2.8239,1028.28
212689582133,212689379629,6,SMS,1.00,messages,0.5000,0.50
212689582133,212689379629,7,SMS,1.00,messages,0.5000,0.50
212689582133,212689379629,8,SMS,1.00,messages,0.5000,0.50
212689582133,212689379629,9,SMS,1.00,messages,0.5000,0.50
212689582133,212689379629,10,Voice Calls,1.62,minutes,1.2346,2.00
212689582133,212689379629,11,Voice Calls,2.72,minutes,1.1029,3.00
212689582133,212689379629,12,Voice Calls,3.97,minutes,1.0076,4.00
212689582133,212689379629,13,Voice Calls,4.88,minutes,1.0246,5.00
212690609971,212690407467,1,Mobile Data,64.27,MB,5.0000,321.35
212690609971,212690407467,2,SMS,1.00,messages,0.5000,0.50
212690609971,212690407467,3,SMS,1.00,messages,0.5000,0.50
212690609971,212690407467,4,SMS,1.00,messages,0.5000,0.50
212690609971,212690407467,5,SMS,1.00,messages,0.5000,0.50
212690609971,212690407467,6,SMS,1.00,messages,0.5000,0.50
212690609971,212690407467,7,Voice Calls,7.75,minutes,1.0323,8.00
212690609971,212690407467,8,Voice Calls,1.90,minutes,1.0526,2.00
212690609971,212690407467,9,Voice Calls,8.75,minutes,1.0286,9.00
212690609971,212690407467,10,Voice Calls,0.57,minutes,1.7544,1.00
212691628457,212691425953,1,Mobile Data,314.88,MB,2.9527,929.76
212691628457,212691425953,2,Mobile Data,466.01,MB,2.6438,1232.02
212691628457,212691425953,3,Mobile Data,466.01,MB,2.6438,1232.02
212691628457,212691425953,4,Mobile Data,14.49,MB,5.0000,72.45
212691628457,212691425953,5,Mobile Data,50.50,MB,5.0000,252.50
212691628457,212691425953,6,SMS,1.00,messages,0.5000,0.50
212691628457,212691425953,7,SMS,1.00,messages,0.5000,0.50
212691628457,212691425953,8,Voice Calls,3.73,minutes,1.0724,4.00
212691628457,212691425953,9,Voice Calls,8.23,minutes,1.0936,9.00
212691832573,212691630069,1,Mobile Data,304.50,MB,2.9852,909.00
212691832573,212691630069,2,Mobile Data,167.04,MB,3.7960,634.08
212691832573,212691630069,3,Mobile Data,289.10,MB,3.0377,878.20
212691832573,212691630069,4,Mobile Data,205.62,MB,3.4590,711.24
212691832573,212691630069,5,Mobile Data,474.47,MB,2.6323,1248.94
212691832573,212691630069,6,SMS,1.00,messages,0.5000,0.50
212691832573,212691630069,7,SMS,1.00,messages,0.5000,0.50
212691832573,212691630069,8,SMS,1.00,messages,0.5000,0.50
212691832573,212691630069,9,SMS,1.00,messages,0.5000,0.50
212691832573,212691630069,10,SMS,1.00,messages,0.5000,0.50
212691832573,212691630069,11,SMS,1.00,messages,0.5000,0.50
212691832573,212691630069,12,Voice Calls,6.38,minutes,1.0972,7.00
212691832573,212691630069,13,Voice Calls,5.73,minutes,1.0471,6.00
212692666748,212692464244,1,Mobile Data,147.35,MB,4.0360,594.70
212692666748,212692464244,2,Mobile Data,120.55,MB,4.4886,541.10
212692666748,212692464244,3,Mobile Data,336.96,MB,2.8903,973.92
212692666748,212692464244,4,Mobile Data,309.90,MB,2.9681,919.80
212692666748,212692464244,5,Mobile Data,97.72,MB,5.0000,488.60
212692666748,212692464244,6,Mobile Data,97.72,MB,5.0000,488.60
212692666748,212692464244,7,Mobile Data,91.82,MB,5.0000,459.10
212692666748,212692464244,8,SMS,1.00,messages,0.5000,0.50
212692666748,212692464244,9,SMS,1.00,messages,0.5000,0.50
212693197224,212692994720,1,Mobile Data,279.69,MB,3.0726,859.38
212693197224,212692994720,2,Mobile Data,200.34,MB,3.4975,700.68
212693197224,212692994720,3,Mobile Data,345.37,MB,2.8686,990.74
212693197224,212692994720,4,Mobile Data,229.56,MB,3.3068,759.12
212693197224,212692994720,5,SMS,1.00,messages,0.5000,0.50
212693197224,212692994720,6,SMS,1.00,messages,0.5000,0.50
212693197224,212692994720,7,Voice Calls,5.27,minutes,1.1385,6.00
212693197224,212692994720,8,Voice Calls,8.82,minutes,1.0204,9.00
212693197224,212692994720,9,Voice Calls,9.25,minutes,1.0811,10.00
212693197224,212692994720,10,Voice Calls,7.85,minutes,1.0191,8.00
212693197224,212692994720,11,Voice Calls,4.48,minutes,1.1161,5.00
212693442642,212693240138,1,Mobile Data,464.86,MB,2.6454,1229.72
212693442642,212693240138,2,Mobile Data,476.68,MB,2.6294,1253.36
212693442642,212693240138,3,SMS,1.00,messages,0.5000,0.50
212693442642,212693240138,4,SMS,1.00,messages,0.5000,0.50
212694217309,212694014805,1,Mobile Data,333.80,MB,2.8987,967.60
212694217309,212694014805,2,Mobile Data,39.42,MB,5.0000,197.10
212694217309,212694014805,3,Mobile Data,286.53,MB,3.0470,873.06
212694217309,212694014805,4,Mobile Data,242.86,MB,3.2353,785.72
212694217309,212694014805,5,Mobile Data,65.43,MB,5.0000,327.15
212694217309,212694014805,6,SMS,1.00,messages,0.5000,0.50
212694217309,212694014805,7,SMS,1.00,messages,0.5000,0.50
212694217309,212694014805,8,SMS,1.00,messages,0.5000,0.50
212694217309,212694014805,9,SMS,1.00,messages,0.5000,0.50
212694217309,212694014805,10,SMS,1.00,messages,0.5000,0.50
212694217309,212694014805,11,SMS,1.00,messages,0.5000,0.50
212694217309,212694014805,12,Voice Calls,6.20,minutes,1.1290,7.00
212694217309,212694014805,13,Voice Calls,3.23,minutes,1.2384,4.00
212694295830,212694093326,1,Mobile Data,159.54,MB,3.8804,619.08
212694295830,212694093326,2,Mobile Data,104.96,MB,4.8582,509.92
212694295830,212694093326,3,Mobile Data,48.32,MB,5.0000,241.60
212694295830,212694093326,4,Mobile Data,58.13,MB,5.0000,290.65
212694295830,212694093326,5,Mobile Data,9.51,MB,5.0000,47.55
212694295830,212694093326,6,Mobile Data,93.99,MB,5.0000,469.95
212694295830,212694093326,7,Mobile Data,48.32,MB,5.0000,241.60
212694295830,212694093326,8,Mobile Data,440.11,MB,2.6816,1180.22
212694295830,212694093326,9,SMS,1.00,messages,0.5000,0.50
212694295830,212694093326,10,SMS,1.00,messages,0.5000,0.50
212694295830,212694093326,11,SMS,1.00,messages,0.5000,0.50
212694295830,212694093326,12,Voice Calls,8.70,minutes,1.0345,9.00
212694295830,212694093326,13,Voice Calls,7.82,minutes,1.0230,8.00
212694295830,212694093326,14,Voice Calls,3.90,minutes,1.0256,4.00
212696772479,212696569975,1,Mobile Data,328.91,MB,2.9121,957.82
212696772479,212696569975,2,Mobile Data,384.59,MB,2.7801,1069.18
212696772479,212696569975,3,Mobile Data,48.89,MB,5.0000,244.45
212696772479,212696569975,4,Mobile Data,143.30,MB,4.0935,586.60
212696772479,212696569975,5,SMS,1.00,messages,0.5000,0.50
212696772479,212696569975,6,SMS,1.00,messages,0.5000,0.50
212696772479,212696569975,7,SMS,1.00,messages,0.5000,0.50
212696772479,212696569975,8,Voice Calls,0.78,minutes,1.2821,1.00
212696772479,212696569975,9,Voice Calls,9.82,minutes,1.0183,10.00
212696851574,212696649070,1,Mobile Data,159.91,MB,3.8761,619.82
212696851574,212696649070,2,Mobile Data,383.47,MB,2.7823,1066.94
212696851574,212696649070,3,SMS,1.00,messages,0.5000,0.50
212696851574,212696649070,4,SMS,1.00,messages,0.5000,0.50
212696851574,212696649070,5,SMS,1.00,messages,0.5000,0.50
212696851574,212696649070,6,SMS,1.00,messages,0.5000,0.50
212696851574,212696649070,7,Voice Calls,8.08,minutes,1.1139,9.00
212696851574,212696649070,8,Voice Calls,3.40,minutes,1.1765,4.00
212696851574,212696649070,9,Voice Calls,5.73,minutes,1.0471,6.00
212696851574,212696649070,10,Voice Calls,4.67,minutes,1.0707,5.00
212696851574,212696649070,11,Voice Calls,7.68,minutes,1.0417,8.00
212696851574,212696649070,12,Voice Calls,8.45,minutes,1.0651,9.00
212697517446,212697314942,1,Mobile Data,407.15,MB,2.7368,1114.30
212697517446,212697314942,2,Voice Calls,8.20,minutes,1.0976,9.00
212697517446,212697314942,3,Voice Calls,5.73,minutes,1.0471,6.00
212697661964,212697459460,1,Mobile Data,280.37,MB,3.0700,860.74
212697661964,212697459460,2,Mobile Data,353.69,MB,2.8482,1007.38
212697661964,212697459460,3,Mobile Data,231.39,MB,3.2965,762.78
212697661964,212697459460,4,Mobile Data,437.47,MB,2.6858,1174.94
212697661964,212697459460,5,Mobile Data,50.67,MB,5.0000,253.35
212697661964,212697459460,6,Mobile Data,451.11,MB,2.6650,1202.22
212697661964,212697459460,7,SMS,1.00,messages,0.5000,0.50
212697661964,212697459460,8,Voice Calls,6.22,minutes,1.1254,7.00
212697661964,212697459460,9,Voice Calls,4.45,minutes,1.1236,5.00
212697661964,212697459460,10,Voice Calls,4.45,minutes,1.1236,5.00
212697661964,212697459460,11,Voice Calls,0.72,minutes,1.3889,1.00
212697661964,212697459460,12,Voice Calls,0.67,minutes,1.4925,1.00
212698438496,212698235992,1,Mobile Data,384.19,MB,2.7809,1068.38
212698438496,212698235992,2,Mobile Data,480.92,MB,2.6238,1261.84
212698438496,212698235992,3,Mobile Data,461.24,MB,2.6504,1222.48
212698438496,212698235992,4,SMS,1.00,messages,0.5000,0.50
212698438496,212698235992,5,SMS,1.00,messages,0.5000,0.50
212698438496,212698235992,6,SMS,1.00,messages,0.5000,0.50
212698438496,212698235992,7,SMS,1.00,messages,0.5000,0.50
212698438496,212698235992,8,SMS,1.00,messages,0.5000,0.50
212698438496,212698235992,9,SMS,1.00,messages,0.5000,0.50
212698438496,212698235992,10,SMS,1.00,messages,0.5000,0.50
212698438496,212698235992,11,Voice Calls,6.05,minutes,1.1570,7.00
212698438496,212698235992,12,Voice Calls,8.63,minutes,1.0429,9.00
212698438496,212698235992,13,Voice Calls,8.73,minutes,1.0309,9.00
212698438496,212698235992,14,Voice Calls,5.75,minutes,1.0435,6.00
